{
	"display": {
		"icon": {
			"item": "minecraft:soul_torch"
		},
		"title": {"translate":"Cerulean!"},
		"description": {"color":"green","translate":"Light up the area with soul fire torches and soul fire lanterns!"},
		"announce_to_chat": "true"
	},
	"parent": "blazeandcave:building/shroom_lightyear",
	"rewards": {
		"function": "bc_rewards:building/cerulean"
	},		
	"criteria": {
		"soul_torch": {
			"trigger": "minecraft:placed_block",
			"conditions": {
				"block": "minecraft:soul_torch"
			}
		},
		"soul_wall_torch": {
			"trigger": "minecraft:placed_block",
			"conditions": {
				"block": "minecraft:soul_wall_torch"
			}
		},
		"soul_lantern": {
			"trigger": "minecraft:placed_block",
			"conditions": {
				"block": "minecraft:soul_lantern"
			}
		}
	},
	"requirements": [
		[
		"soul_torch",
		"soul_wall_torch"
		],
		[
		"soul_lantern"
		]
	]
}