{
	"display": {
		"icon": {
			"item": "minecraft:cyan_banner"
		},
		"title": {"translate":"Raise the flag!"},
		"description": {"color":"green","translate":"Craft and place a banner"},
		"announce_to_chat": "true"
	},
	"parent": "blazeandcave:building/display_your_items_for_all_to_see",
	"rewards": {
		"function": "bc_rewards:building/raise_the_flag"
	},		
	"criteria": {
		"banner": {
			"trigger": "minecraft:placed_block",
			"conditions": {
				"item": {
					"tag": "minecraft:banners"
				}
			}
		}
	}
}